region_code,nuts_1_code,nuts_1_desc,nuts_2_code,region_name,region_abbr,latitude,longitude,age_range,male_count,female_count,total_count,age_group
13,ITF,Sud,ITF1,Abruzzo,ABR,42.35122196,13.39843823,0-15,87423,82474,169897,0-15
13,ITF,Sud,ITF1,Abruzzo,ABR,42.35122196,13.39843823,16-19,24402,22349,46751,16-29
13,ITF,Sud,ITF1,Abruzzo,ABR,42.35122196,13.39843823,20-29,67472,62611,130083,16-29
13,ITF,Sud,ITF1,Abruzzo,ABR,42.35122196,13.39843823,30-39,76472,74241,150713,30-49
13,ITF,Sud,ITF1,Abruzzo,ABR,42.35122196,13.39843823,40-49,94745,95315,190060,30-49
13,ITF,Sud,ITF1,Abruzzo,ABR,42.35122196,13.39843823,50-59,100048,104109,204157,50-69
13,ITF,Sud,ITF1,Abruzzo,ABR,42.35122196,13.39843823,60-69,80545,87160,167705,50-69
13,ITF,Sud,ITF1,Abruzzo,ABR,42.35122196,13.39843823,70-79,60810,69762,130572,70+
13,ITF,Sud,ITF1,Abruzzo,ABR,42.35122196,13.39843823,80-89,34181,50307,84488,70+
13,ITF,Sud,ITF1,Abruzzo,ABR,42.35122196,13.39843823,90+,5645,13870,19515,70+
17,ITF,Sud,ITF5,Basilicata,BAS,40.63947052,15.80514834,0-15,36113,33881,69994,0-15
17,ITF,Sud,ITF5,Basilicata,BAS,40.63947052,15.80514834,16-19,11598,10434,22032,16-29
17,ITF,Sud,ITF5,Basilicata,BAS,40.63947052,15.80514834,20-29,32068,29115,61183,16-29
17,ITF,Sud,ITF5,Basilicata,BAS,40.63947052,15.80514834,30-39,33556,31648,65204,30-49
17,ITF,Sud,ITF5,Basilicata,BAS,40.63947052,15.80514834,40-49,39260,39207,78467,30-49
17,ITF,Sud,ITF5,Basilicata,BAS,40.63947052,15.80514834,50-59,43150,44672,87822,50-69
17,ITF,Sud,ITF5,Basilicata,BAS,40.63947052,15.80514834,60-69,35360,37457,72817,50-69
17,ITF,Sud,ITF5,Basilicata,BAS,40.63947052,15.80514834,70-79,24050,27755,51805,70+
17,ITF,Sud,ITF5,Basilicata,BAS,40.63947052,15.80514834,80-89,14507,21600,36107,70+
17,ITF,Sud,ITF5,Basilicata,BAS,40.63947052,15.80514834,90+,2488,5335,7823,70+
21,ITH,Nord-Est,ITH1,Bolzano,BOL,46.49933453,11.35662422,0-15,45942,43082,89024,0-15
21,ITH,Nord-Est,ITH1,Bolzano,BOL,46.49933453,11.35662422,16-19,12077,11192,23269,16-29
21,ITH,Nord-Est,ITH1,Bolzano,BOL,46.49933453,11.35662422,20-29,31553,29541,61094,16-29
21,ITH,Nord-Est,ITH1,Bolzano,BOL,46.49933453,11.35662422,30-39,32108,31019,63127,30-49
21,ITH,Nord-Est,ITH1,Bolzano,BOL,46.49933453,11.35662422,40-49,37666,37998,75664,30-49
21,ITH,Nord-Est,ITH1,Bolzano,BOL,46.49933453,11.35662422,50-59,42217,41322,83539,50-69
21,ITH,Nord-Est,ITH1,Bolzano,BOL,46.49933453,11.35662422,60-69,27838,29203,57041,50-69
21,ITH,Nord-Est,ITH1,Bolzano,BOL,46.49933453,11.35662422,70-79,21422,25191,46613,70+
21,ITH,Nord-Est,ITH1,Bolzano,BOL,46.49933453,11.35662422,80-89,11056,16052,27108,70+
21,ITH,Nord-Est,ITH1,Bolzano,BOL,46.49933453,11.35662422,90+,1713,4452,6165,70+
18,ITF,Sud,ITF6,Calabria,CAL,38.90597598,16.59440194,0-15,136966,129422,266388,0-15
18,ITF,Sud,ITF6,Calabria,CAL,38.90597598,16.59440194,16-19,39783,36960,76743,16-29
18,ITF,Sud,ITF6,Calabria,CAL,38.90597598,16.59440194,20-29,110520,103369,213889,16-29
18,ITF,Sud,ITF6,Calabria,CAL,38.90597598,16.59440194,30-39,120086,116582,236668,30-49
18,ITF,Sud,ITF6,Calabria,CAL,38.90597598,16.59440194,40-49,131205,135212,266417,30-49
18,ITF,Sud,ITF6,Calabria,CAL,38.90597598,16.59440194,50-59,138226,148578,286804,50-69
18,ITF,Sud,ITF6,Calabria,CAL,38.90597598,16.59440194,60-69,117306,123909,241215,50-69
18,ITF,Sud,ITF6,Calabria,CAL,38.90597598,16.59440194,70-79,82572,92636,175208,70+
18,ITF,Sud,ITF6,Calabria,CAL,38.90597598,16.59440194,80-89,43907,63813,107720,70+
18,ITF,Sud,ITF6,Calabria,CAL,38.90597598,16.59440194,90+,7161,15897,23058,70+
15,ITF,Sud,ITF3,Campania,CAM,40.83956555,14.25084984,0-15,451436,426431,877867,0-15
15,ITF,Sud,ITF3,Campania,CAM,40.83956555,14.25084984,16-19,134723,126971,261694,16-29
15,ITF,Sud,ITF3,Campania,CAM,40.83956555,14.25084984,20-29,355330,338149,693479,16-29
15,ITF,Sud,ITF3,Campania,CAM,40.83956555,14.25084984,30-39,358948,356310,715258,30-49
15,ITF,Sud,ITF3,Campania,CAM,40.83956555,14.25084984,40-49,410263,425334,835597,30-49
15,ITF,Sud,ITF3,Campania,CAM,40.83956555,14.25084984,50-59,418843,449841,868684,50-69
15,ITF,Sud,ITF3,Campania,CAM,40.83956555,14.25084984,60-69,320879,349988,670867,50-69
15,ITF,Sud,ITF3,Campania,CAM,40.83956555,14.25084984,70-79,221431,262949,484380,70+
15,ITF,Sud,ITF3,Campania,CAM,40.83956555,14.25084984,80-89,98936,156337,255273,70+
15,ITF,Sud,ITF3,Campania,CAM,40.83956555,14.25084984,90+,13827,35217,49044,70+
08,ITH,Nord-Est,ITH5,Emilia-Romagna,EMR,44.49436681,11.3417208,0-15,317256,298815,616071,0-15
08,ITH,Nord-Est,ITH5,Emilia-Romagna,EMR,44.49436681,11.3417208,16-19,83477,76568,160045,16-29
08,ITH,Nord-Est,ITH5,Emilia-Romagna,EMR,44.49436681,11.3417208,20-29,219087,201573,420660,16-29
08,ITH,Nord-Est,ITH5,Emilia-Romagna,EMR,44.49436681,11.3417208,30-39,251262,249979,501241,30-49
08,ITH,Nord-Est,ITH5,Emilia-Romagna,EMR,44.49436681,11.3417208,40-49,346381,346931,693312,30-49
08,ITH,Nord-Est,ITH5,Emilia-Romagna,EMR,44.49436681,11.3417208,50-59,347628,356469,704097,50-69
08,ITH,Nord-Est,ITH5,Emilia-Romagna,EMR,44.49436681,11.3417208,60-69,257808,284403,542211,50-69
08,ITH,Nord-Est,ITH5,Emilia-Romagna,EMR,44.49436681,11.3417208,70-79,210315,246814,457129,70+
08,ITH,Nord-Est,ITH5,Emilia-Romagna,EMR,44.49436681,11.3417208,80-89,120582,177084,297666,70+
08,ITH,Nord-Est,ITH5,Emilia-Romagna,EMR,44.49436681,11.3417208,90+,19985,51702,71687,70+
06,ITH,Nord-Est,ITH4,Friuli Venezia Giulia,FVG,45.6494354,13.76813649,0-15,78715,74639,153354,0-15
06,ITH,Nord-Est,ITH4,Friuli Venezia Giulia,FVG,45.6494354,13.76813649,16-19,22068,20363,42431,16-29
06,ITH,Nord-Est,ITH4,Friuli Venezia Giulia,FVG,45.6494354,13.76813649,20-29,57197,52154,109351,16-29
06,ITH,Nord-Est,ITH4,Friuli Venezia Giulia,FVG,45.6494354,13.76813649,30-39,64103,61526,125629,30-49
06,ITH,Nord-Est,ITH4,Friuli Venezia Giulia,FVG,45.6494354,13.76813649,40-49,89845,88832,178677,30-49
06,ITH,Nord-Est,ITH4,Friuli Venezia Giulia,FVG,45.6494354,13.76813649,50-59,97642,98441,196083,50-69
06,ITH,Nord-Est,ITH4,Friuli Venezia Giulia,FVG,45.6494354,13.76813649,60-69,74689,81100,155789,50-69
06,ITH,Nord-Est,ITH4,Friuli Venezia Giulia,FVG,45.6494354,13.76813649,70-79,65048,76361,141409,70+
06,ITH,Nord-Est,ITH4,Friuli Venezia Giulia,FVG,45.6494354,13.76813649,80-89,32497,50810,83307,70+
06,ITH,Nord-Est,ITH4,Friuli Venezia Giulia,FVG,45.6494354,13.76813649,90+,4915,15271,20186,70+
12,ITI,Centro,ITI4,Lazio,LAZ,41.89277044,12.48366722,0-15,415547,392161,807708,0-15
12,ITI,Centro,ITI4,Lazio,LAZ,41.89277044,12.48366722,16-19,109633,102331,211964,16-29
12,ITI,Centro,ITI4,Lazio,LAZ,41.89277044,12.48366722,20-29,293505,270956,564461,16-29
12,ITI,Centro,ITI4,Lazio,LAZ,41.89277044,12.48366722,30-39,341952,340756,682708,30-49
12,ITI,Centro,ITI4,Lazio,LAZ,41.89277044,12.48366722,40-49,442726,463602,906328,30-49
12,ITI,Centro,ITI4,Lazio,LAZ,41.89277044,12.48366722,50-59,449399,483431,932830,50-69
12,ITI,Centro,ITI4,Lazio,LAZ,41.89277044,12.48366722,60-69,328257,368832,697089,50-69
12,ITI,Centro,ITI4,Lazio,LAZ,41.89277044,12.48366722,70-79,247895,304112,552007,70+
12,ITI,Centro,ITI4,Lazio,LAZ,41.89277044,12.48366722,80-89,130682,200696,331378,70+
12,ITI,Centro,ITI4,Lazio,LAZ,41.89277044,12.48366722,90+,19585,49642,69227,70+
07,ITC,Nord-Ovest,ITC3,Liguria,LIG,44.41149315,8.9326992,0-15,92345,87335,179680,0-15
07,ITC,Nord-Ovest,ITC3,Liguria,LIG,44.41149315,8.9326992,16-19,26647,24741,51388,16-29
07,ITC,Nord-Ovest,ITC3,Liguria,LIG,44.41149315,8.9326992,20-29,71252,65071,136323,16-29
07,ITC,Nord-Ovest,ITC3,Liguria,LIG,44.41149315,8.9326992,30-39,75013,72589,147602,30-49
07,ITC,Nord-Ovest,ITC3,Liguria,LIG,44.41149315,8.9326992,40-49,104676,107694,212370,30-49
07,ITC,Nord-Ovest,ITC3,Liguria,LIG,44.41149315,8.9326992,50-59,123371,129314,252685,50-69
07,ITC,Nord-Ovest,ITC3,Liguria,LIG,44.41149315,8.9326992,60-69,96826,105949,202775,50-69
07,ITC,Nord-Ovest,ITC3,Liguria,LIG,44.41149315,8.9326992,70-79,83499,102535,186034,70+
07,ITC,Nord-Ovest,ITC3,Liguria,LIG,44.41149315,8.9326992,80-89,48722,77088,125810,70+
07,ITC,Nord-Ovest,ITC3,Liguria,LIG,44.41149315,8.9326992,90+,8020,22139,30159,70+
03,ITC,Nord-Ovest,ITC4,Lombardia,LOM,45.46679409,9.190347404,05-11,333036,313224,646260,Other
03,ITC,Nord-Ovest,ITC4,Lombardia,LOM,45.46679409,9.190347404,12-19,398108,372054,770162,Other
03,ITC,Nord-Ovest,ITC4,Lombardia,LOM,45.46679409,9.190347404,20-29,516923,477953,994876,16-29
03,ITC,Nord-Ovest,ITC4,Lombardia,LOM,45.46679409,9.190347404,30-39,582273,565705,1147978,30-49
03,ITC,Nord-Ovest,ITC4,Lombardia,LOM,45.46679409,9.190347404,40-49,763266,742630,1505896,30-49
03,ITC,Nord-Ovest,ITC4,Lombardia,LOM,45.46679409,9.190347404,50-59,805221,802504,1607725,50-69
03,ITC,Nord-Ovest,ITC4,Lombardia,LOM,45.46679409,9.190347404,60-69,575292,620315,1195607,50-69
03,ITC,Nord-Ovest,ITC4,Lombardia,LOM,45.46679409,9.190347404,70-79,451248,536992,988240,70+
03,ITC,Nord-Ovest,ITC4,Lombardia,LOM,45.46679409,9.190347404,80-89,240864,373097,613961,70+
03,ITC,Nord-Ovest,ITC4,Lombardia,LOM,45.46679409,9.190347404,90+,32032,94349,126381,70+
11,ITI,Centro,ITI3,Marche,MAR,43.61675973,13.5188753,0-15,103713,97551,201264,0-15
11,ITI,Centro,ITI3,Marche,MAR,43.61675973,13.5188753,16-19,28672,26494,55166,16-29
11,ITI,Centro,ITI3,Marche,MAR,43.61675973,13.5188753,20-29,76504,70235,146739,16-29
11,ITI,Centro,ITI3,Marche,MAR,43.61675973,13.5188753,30-39,83529,82858,166387,30-49
11,ITI,Centro,ITI3,Marche,MAR,43.61675973,13.5188753,40-49,111709,112741,224450,30-49
11,ITI,Centro,ITI3,Marche,MAR,43.61675973,13.5188753,50-59,116259,119935,236194,50-69
11,ITI,Centro,ITI3,Marche,MAR,43.61675973,13.5188753,60-69,92568,100598,193166,50-69
11,ITI,Centro,ITI3,Marche,MAR,43.61675973,13.5188753,70-79,72080,83861,155941,70+
11,ITI,Centro,ITI3,Marche,MAR,43.61675973,13.5188753,80-89,43425,64400,107825,70+
11,ITI,Centro,ITI3,Marche,MAR,43.61675973,13.5188753,90+,7232,18308,25540,70+
14,ITF,Sud,ITF2,Molise,MOL,41.55774754,14.65916051,0-15,18767,17370,36137,0-15
14,ITF,Sud,ITF2,Molise,MOL,41.55774754,14.65916051,16-19,5619,5263,10882,16-29
14,ITF,Sud,ITF2,Molise,MOL,41.55774754,14.65916051,20-29,17029,15093,32122,16-29
14,ITF,Sud,ITF2,Molise,MOL,41.55774754,14.65916051,30-39,17988,16673,34661,30-49
14,ITF,Sud,ITF2,Molise,MOL,41.55774754,14.65916051,40-49,21285,20929,42214,30-49
14,ITF,Sud,ITF2,Molise,MOL,41.55774754,14.65916051,50-59,23481,23962,47443,50-69
14,ITF,Sud,ITF2,Molise,MOL,41.55774754,14.65916051,60-69,19739,20770,40509,50-69
14,ITF,Sud,ITF2,Molise,MOL,41.55774754,14.65916051,70-79,14301,15990,30291,70+
14,ITF,Sud,ITF2,Molise,MOL,41.55774754,14.65916051,80-89,8289,12749,21038,70+
14,ITF,Sud,ITF2,Molise,MOL,41.55774754,14.65916051,90+,1455,3764,5219,70+
01,ITC,Nord-Ovest,ITC1,Piemonte,PIE,45.0732745,7.680687483,0-15,289862,273689,563551,0-15
01,ITC,Nord-Ovest,ITC1,Piemonte,PIE,45.0732745,7.680687483,16-19,79281,74338,153619,16-29
01,ITC,Nord-Ovest,ITC1,Piemonte,PIE,45.0732745,7.680687483,20-29,212041,194149,406190,16-29
01,ITC,Nord-Ovest,ITC1,Piemonte,PIE,45.0732745,7.680687483,30-39,231750,227617,459367,30-49
01,ITC,Nord-Ovest,ITC1,Piemonte,PIE,45.0732745,7.680687483,40-49,315301,317444,632745,30-49
01,ITC,Nord-Ovest,ITC1,Piemonte,PIE,45.0732745,7.680687483,50-59,339079,349619,688698,50-69
01,ITC,Nord-Ovest,ITC1,Piemonte,PIE,45.0732745,7.680687483,60-69,269303,288928,558231,50-69
01,ITC,Nord-Ovest,ITC1,Piemonte,PIE,45.0732745,7.680687483,70-79,219431,257985,477416,70+
01,ITC,Nord-Ovest,ITC1,Piemonte,PIE,45.0732745,7.680687483,80-89,121883,184829,306712,70+
01,ITC,Nord-Ovest,ITC1,Piemonte,PIE,45.0732745,7.680687483,90+,17127,47561,64688,70+
16,ITF,Sud,ITF4,Puglia,PUG,41.12559576,16.86736689,0-15,281888,266202,548090,0-15
16,ITF,Sud,ITF4,Puglia,PUG,41.12559576,16.86736689,16-19,85582,80959,166541,16-29
16,ITF,Sud,ITF4,Puglia,PUG,41.12559576,16.86736689,20-29,227341,211934,439275,16-29
16,ITF,Sud,ITF4,Puglia,PUG,41.12559576,16.86736689,30-39,230626,230335,460961,30-49
16,ITF,Sud,ITF4,Puglia,PUG,41.12559576,16.86736689,40-49,288521,294771,583292,30-49
16,ITF,Sud,ITF4,Puglia,PUG,41.12559576,16.86736689,50-59,293018,312568,605586,50-69
16,ITF,Sud,ITF4,Puglia,PUG,41.12559576,16.86736689,60-69,233307,257593,490900,50-69
16,ITF,Sud,ITF4,Puglia,PUG,41.12559576,16.86736689,70-79,180128,210406,390534,70+
16,ITF,Sud,ITF4,Puglia,PUG,41.12559576,16.86736689,80-89,89342,132882,222224,70+
16,ITF,Sud,ITF4,Puglia,PUG,41.12559576,16.86736689,90+,13779,32123,45902,70+
20,ITG,Isole,ITG2,Sardegna,SAR,39.21531192,9.110616306,0-15,98538,91982,190520,0-15
20,ITG,Isole,ITG2,Sardegna,SAR,39.21531192,9.110616306,16-19,28795,26820,55615,16-29
20,ITG,Isole,ITG2,Sardegna,SAR,39.21531192,9.110616306,20-29,80271,72004,152275,16-29
20,ITG,Isole,ITG2,Sardegna,SAR,39.21531192,9.110616306,30-39,94899,90533,185432,30-49
20,ITG,Isole,ITG2,Sardegna,SAR,39.21531192,9.110616306,40-49,126925,124005,250930,30-49
20,ITG,Isole,ITG2,Sardegna,SAR,39.21531192,9.110616306,50-59,131146,134922,266068,50-69
20,ITG,Isole,ITG2,Sardegna,SAR,39.21531192,9.110616306,60-69,108289,115352,223641,50-69
20,ITG,Isole,ITG2,Sardegna,SAR,39.21531192,9.110616306,70-79,78850,92007,170857,70+
20,ITG,Isole,ITG2,Sardegna,SAR,39.21531192,9.110616306,80-89,37868,57304,95172,70+
20,ITG,Isole,ITG2,Sardegna,SAR,39.21531192,9.110616306,90+,6115,14996,21111,70+
19,ITG,Isole,ITG1,Sicilia,SIC,38.11569725,13.36235669,0-15,366285,346731,713016,0-15
19,ITG,Isole,ITG1,Sicilia,SIC,38.11569725,13.36235669,16-19,108125,99760,207885,16-29
19,ITG,Isole,ITG1,Sicilia,SIC,38.11569725,13.36235669,20-29,287944,271213,559157,16-29
19,ITG,Isole,ITG1,Sicilia,SIC,38.11569725,13.36235669,30-39,296453,293294,589747,30-49
19,ITG,Isole,ITG1,Sicilia,SIC,38.11569725,13.36235669,40-49,343417,355022,698439,30-49
19,ITG,Isole,ITG1,Sicilia,SIC,38.11569725,13.36235669,50-59,353625,379340,732965,50-69
19,ITG,Isole,ITG1,Sicilia,SIC,38.11569725,13.36235669,60-69,285538,315663,601201,50-69
19,ITG,Isole,ITG1,Sicilia,SIC,38.11569725,13.36235669,70-79,208531,248434,456965,70+
19,ITG,Isole,ITG1,Sicilia,SIC,38.11569725,13.36235669,80-89,105216,157914,263130,70+
19,ITG,Isole,ITG1,Sicilia,SIC,38.11569725,13.36235669,90+,15808,36977,52785,70+
09,ITI,Centro,ITI1,Toscana,TOS,43.76923077,11.25588885,0-15,248492,234303,482795,0-15
09,ITI,Centro,ITI1,Toscana,TOS,43.76923077,11.25588885,16-19,67877,62882,130759,16-29
09,ITI,Centro,ITI1,Toscana,TOS,43.76923077,11.25588885,20-29,176816,162927,339743,16-29
09,ITI,Centro,ITI1,Toscana,TOS,43.76923077,11.25588885,30-39,200280,201208,401488,30-49
09,ITI,Centro,ITI1,Toscana,TOS,43.76923077,11.25588885,40-49,274782,281885,556667,30-49
09,ITI,Centro,ITI1,Toscana,TOS,43.76923077,11.25588885,50-59,286787,300323,587110,50-69
09,ITI,Centro,ITI1,Toscana,TOS,43.76923077,11.25588885,60-69,220476,242777,463253,50-69
09,ITI,Centro,ITI1,Toscana,TOS,43.76923077,11.25588885,70-79,187430,222721,410151,70+
09,ITI,Centro,ITI1,Toscana,TOS,43.76923077,11.25588885,80-89,104441,155212,259653,70+
09,ITI,Centro,ITI1,Toscana,TOS,43.76923077,11.25588885,90+,16937,43999,60936,70+
22,ITH,Nord-Est,ITH2,Trento,TRE,46.06893511,11.12123097,0-15,42551,40011,82562,0-15
22,ITH,Nord-Est,ITH2,Trento,TRE,46.06893511,11.12123097,16-19,11665,10759,22424,16-29
22,ITH,Nord-Est,ITH2,Trento,TRE,46.06893511,11.12123097,20-29,29786,27969,57755,16-29
22,ITH,Nord-Est,ITH2,Trento,TRE,46.06893511,11.12123097,30-39,30787,30275,61062,30-49
22,ITH,Nord-Est,ITH2,Trento,TRE,46.06893511,11.12123097,40-49,38770,39318,78088,30-49
22,ITH,Nord-Est,ITH2,Trento,TRE,46.06893511,11.12123097,50-59,42757,43048,85805,50-69
22,ITH,Nord-Est,ITH2,Trento,TRE,46.06893511,11.12123097,60-69,33053,33974,67027,50-69
22,ITH,Nord-Est,ITH2,Trento,TRE,46.06893511,11.12123097,70-79,24619,27697,52316,70+
22,ITH,Nord-Est,ITH2,Trento,TRE,46.06893511,11.12123097,80-89,11898,18566,30464,70+
22,ITH,Nord-Est,ITH2,Trento,TRE,46.06893511,11.12123097,90+,2028,5894,7922,70+
10,ITI,Centro,ITI2,Umbria,UMB,43.10675841,12.38824698,0-15,58624,55690,114314,0-15
10,ITI,Centro,ITI2,Umbria,UMB,43.10675841,12.38824698,16-19,15866,14883,30749,16-29
10,ITI,Centro,ITI2,Umbria,UMB,43.10675841,12.38824698,20-29,42502,38846,81348,16-29
10,ITI,Centro,ITI2,Umbria,UMB,43.10675841,12.38824698,30-39,48571,48592,97163,30-49
10,ITI,Centro,ITI2,Umbria,UMB,43.10675841,12.38824698,40-49,62792,65040,127832,30-49
10,ITI,Centro,ITI2,Umbria,UMB,43.10675841,12.38824698,50-59,65426,69873,135299,50-69
10,ITI,Centro,ITI2,Umbria,UMB,43.10675841,12.38824698,60-69,52676,57863,110539,50-69
10,ITI,Centro,ITI2,Umbria,UMB,43.10675841,12.38824698,70-79,44181,50823,95004,70+
10,ITI,Centro,ITI2,Umbria,UMB,43.10675841,12.38824698,80-89,25144,37634,62778,70+
10,ITI,Centro,ITI2,Umbria,UMB,43.10675841,12.38824698,90+,4112,11027,15139,70+
02,ITC,Nord-Ovest,ITC2,Valle d'Aosta,VDA,45.73750286,7.320149366,0-15,8881,8378,17259,0-15
02,ITC,Nord-Ovest,ITC2,Valle d'Aosta,VDA,45.73750286,7.320149366,16-19,2451,2255,4706,16-29
02,ITC,Nord-Ovest,ITC2,Valle d'Aosta,VDA,45.73750286,7.320149366,20-29,6144,5726,11870,16-29
02,ITC,Nord-Ovest,ITC2,Valle d'Aosta,VDA,45.73750286,7.320149366,30-39,6648,6526,13174,30-49
02,ITC,Nord-Ovest,ITC2,Valle d'Aosta,VDA,45.73750286,7.320149366,40-49,9196,9359,18555,30-49
02,ITC,Nord-Ovest,ITC2,Valle d'Aosta,VDA,45.73750286,7.320149366,50-59,10316,10441,20757,50-69
02,ITC,Nord-Ovest,ITC2,Valle d'Aosta,VDA,45.73750286,7.320149366,60-69,7850,8210,16060,50-69
02,ITC,Nord-Ovest,ITC2,Valle d'Aosta,VDA,45.73750286,7.320149366,70-79,6184,6905,13089,70+
02,ITC,Nord-Ovest,ITC2,Valle d'Aosta,VDA,45.73750286,7.320149366,80-89,2994,4806,7800,70+
02,ITC,Nord-Ovest,ITC2,Valle d'Aosta,VDA,45.73750286,7.320149366,90+,457,1307,1764,70+
05,ITH,Nord-Est,ITH3,Veneto,VEN,45.43490485,12.33845213,0-15,350280,330831,681111,0-15
05,ITH,Nord-Est,ITH3,Veneto,VEN,45.43490485,12.33845213,16-19,96397,89853,186250,16-29
05,ITH,Nord-Est,ITH3,Veneto,VEN,45.43490485,12.33845213,20-29,249028,232198,481226,16-29
05,ITH,Nord-Est,ITH3,Veneto,VEN,45.43490485,12.33845213,30-39,267655,265186,532841,30-49
05,ITH,Nord-Est,ITH3,Veneto,VEN,45.43490485,12.33845213,40-49,373557,368495,742052,30-49
05,ITH,Nord-Est,ITH3,Veneto,VEN,45.43490485,12.33845213,50-59,399024,400436,799460,50-69
05,ITH,Nord-Est,ITH3,Veneto,VEN,45.43490485,12.33845213,60-69,293238,309972,603210,50-69
05,ITH,Nord-Est,ITH3,Veneto,VEN,45.43490485,12.33845213,70-79,228669,265774,494443,70+
05,ITH,Nord-Est,ITH3,Veneto,VEN,45.43490485,12.33845213,80-89,115439,177591,293030,70+
05,ITH,Nord-Est,ITH3,Veneto,VEN,45.43490485,12.33845213,90+,16430,49080,65510,70+
